"Mosbach, Bahnhof Käfertörle"
"Mosbach, Busbahnhof"
"Neckarelz, Bahnhof"
Abernweg
Adalbert-Stifter-Weg
Adolf-Kolping-Straße
Ahornstraße
Akazienweg
Alemannenweg
Alfred-Kailbach-Straße
Allfelder Weg
Alte Bergsteige
Alte Brückenstraße
Alte Neckarelzer Straße
Alte Schefflenzer Steige
Alte Schulgasse
Alte Waldsteige
Alter Bahnhofweg
Alter Neckargeracher Weg
Alter Schulplatz
Am Badischen Hof
Am Bahndamm
Am Bahnhof
Am Eisweiher
Am Flugplatz
Am Geisberg
Am Güterbahnhof
Am Hamberg
Am Hammerschlag
Am Hardberg
Am Heidenbuckel
Am Henschelberg
Am Knappensprung
Am Oberen Graben
Am Rosenberg
Am Rotebuckel
Am Schreckhof
Am Seeacker
Am Sonnenrain
Am Talblick
Am Unteren Graben
Am Waldhauer
Am Wasserturm
Am Wildwechsel
Amselweg
Amthausstraße
An der Bachmühle
An der Elz
An der Farbmühle
An der Mühle
An der Planke
An der Posthalterei
Anton-Gmeinder-Straße
Arnold-Janssen-Straße
Auweg
Badgasse
Bahnhofsplatz
Bahnhofstraße
Banater Straße
Baumeselweg
Beethovenstraße
Bergfeldweg
Bergstraße
Bertl-Bormann-Straße
Binauer Höhe
Birkenstraße
Birkenwaldstraße
Birkenweg
Bismarckweg
Bleichstraße
Bleichwiesenweg
Blockhütten-Weg
Blumenstraße
Brauereiweg
Brucknerstraße
Brunnengasse
Brunnenweg
Brunnenwiesenweg
Brühlstraße
Buchenweg
Buchhälde
Buchhäldeweg
Budapester Straße
Bussardweg
Bussestraße
Böhmerwaldstraße
Carl-Theodor-Straße
Chateau-Thierry-Platz
Collekturgasse
Dachsbaustraße
Dallauer Straße
Danziger Straße
Dauchsteinstraße
Diedesheimer Straße
Donauschwabenstraße
Dorfstraße
Dr. Hans Wey Brücke
Dr. Werner Vogl Weg
Dreibrunnenweg
Dreistein-Weg
Dresdener Straße
Drosselweg
Eduard-Mörike-Weg
Ehrenbergstraße
Eibenstraße
Eichelwiesenweg
Eichendorffstraße
Eichenweg
Eichwaldstraße
Einsiedelweg
Eisenbahnstraße
Elsterweg
Elzstraße
Entengasse
Enzianstraße
Eppigsklingenweg
Erlenweg
Eschenweg
Fahrenbacher Straße
Falkenweg
Falltorstraße
Farbgasse
Felsenpfad
Feuerlinie
Fichtenstraße
Finike-Straße
Fliederweg
Flurstraße
Forlenstraße
Forststraße
Frankenweg
Freiherr-vom-Stein-Weg
Friedensstraße
Friedhofweg
Friedrich-Ebert-Straße
Friedrich-Hölderlin-Straße
Friedrich-Rückert-Straße
Frohndbrunnengasse
Fuchsweg
Föhrenstraße
Fürst-Leiningen-Straße
Gartenweg
Gellengasse
Geracher Pfad
Geracher Weg
Gluckstraße
Goethestraße
Grabenweg
Granzweg
Grasäcker
Grenzweg
Guttenbergstraße
Gänsbachweg
Gärtnerstraße
Güterhallenweg
Habichtweg
Hafenstraße
Hagebuttenweg
Hambergweg
Hammerweg
Hans-Thoma-Weg
Hardhof
Hardhofweg
Hardwiesenweg
Harnischgasse
Harrnischgasse
Hasbachtalbrücke
Hasenweg
Haubenstein
Hauptstraße
Haydnstraße
Hebelstraße
Heckenrosenweg
Heidelberger Straße
Heilbronner Straße
Heimstättenweg
Heinrich-Heine-Straße
Heinrich-von-Kleist-Straße
Heissensteingasse
Henry-Dunant-Straße
Herdweg
Herkulesstraße
Hermann-Backfisch-Straße
Hermann-Vischer-Straße
Herrenweg
Herrenwiesenstraße
Heugasse
Hilde-Kirsch-Straße
Hindenburgweg
Hinterer Waldhauerweg
Hirschstraße
Hirschtrieb
Hochstraße
Hofgartenweg
Hohe Gasse
Hohe Steige
Hohenstaufenweg
Hohlweg
Holzweg
Holzwiesen
Hombergstraße
Hornbergstraße
Hospitalgasse
Hummelwiesenweg
Höhenweg
Iltisweg
Im Bauernbrunnen
Im Bremen
Im Brunnengewann
Im Brühl
Im Burgstädtle
Im Elzgrund
Im Katzenhorn
Im Masseldorn
Im Mittel
Im Münchhof
Im Nüstenbacher Grund
Im Schwalbennest
Im Vogelsang
Im Weiler
Im Weißen Feld
Im Wiesengrund
Im Äulein
Imkerweg
In den Schmelzgärten
In den Ziegelgärten
In der Heinrichsburg
In der Hohl
Industriestraße
Jahnstraße
Jean-de-la-Fontaine-Straße
Johannitergasse
Jungviehweide
Jupiterstraße
Justinus-Kerner-Straße
Kaisergässlein
Kantstraße
Kapellenweg
Kasernenweg
Kastanienweg
Keltenweg
Kesselfurchgraben
Kesslergasse
Kiefernstraße
Kirchenstraße
Kirchplatz
Kistnerstraße
Kleiberweg
Kleines Flürlein
Knopfhof
Knopfweg
Kohlplattenweg
Konrad-Adenauer-Straße
Konradusstraße
Kosakenweg
Kreuzgartenweg
Kreuzstraße
Kreuzweg
Kronengasse
Kurfürstenstraße
Königsberger Straße
Landsehrstraße
Langes Gewann
Leharstraße
Leiningerweg
Leonhard-Mezler-Weg
Lessingweg
Leutweinstraße
Lilienstraße
Limbacher Straße
Lindenbrunnenstraße
Lindengasse
Lindenstraße
Lindenweg
Lohrbacher Straße
Lohrbacher Weg
Lohrtalweg
Ludwigsplatz
Lunastraße
Luttenbachtalstraße
Lymington-Straße
Lärchenstraße
Lönsweg
Löwenbrunnengasse
Löwengasse
M5
Marderweg
Marienstraße
Marktplatz
Marsstraße
Martin-Butzer-Straße
Martin-Luther-Straße
Meisenweg
Merianweg
Merkurstraße
Michelsrotweg
Minneburgstraße
Mittlerer Weg
Moltkeweg
Mosbach
Mosbacher Straße
Mosbacher Weg - M3
Mozartweg
Muckentaler Straße
Mönchhofgasse
Mühlenweg
Mühlhohl
Mühlkopfweg
Mülbenweg
Münchgraben
Nadlerstraße
Neckarallee
Neckarburkener Straße
Neckarelzer Straße
Neckargasse
Neckargeracher Straße
Neckarhöhe
Nelkenstraße
Neuburgstraße
Neue Gärten
Nüstenbacher Straße
Ober der Mühle
Obere Geisbergstraße
Obere Messenklinge
Obere Milbe
Oberer Färbersäckerweg
Oberer Herrenweg
Oberer Mühlenweg
Oberer Richtweg
Odenwaldstraße
Oststraße
Panoramaweg
Pappelweg
Pattbergstraße
Paul-Gerhardt-Straße
Paulusstraße
Pelzwiesenweg
Pfalzburgstraße
Pfalzgraf-Otto-Straße
Pfalzgrafenstraße
Pirminstraße
Pößnecker Straße
Rabenweg
Rathausgasse
Rebengärten
Rehweg
Reichenbucher Straße
Reichenbuchweg
Reiflochweg
Renzstraße
Richard-Schirrmann-Weg
Richard-Wagner-Straße
Ringstraße
Rominterweg
Rosenstraße
Rote Äcker
Roter Weg
Roter-Buckel-Weg
Rudolf-Diesel-Straße
Ruhestattstraße
Rundweg
Römerhofstraße
Römerring
Römerstraße
Saatschul-Weg
Salle
Sandweg
Sattelbacher Pfad
Sattelbacher Straße
Saturnstraße
Schaffneiweg
Scheffelstraße
Schiedstraße
Schillerstraße
Schlachthofstraße
Schlehenweg
Schlesienstraße
Schloßgasse
Schlüsselblumenschlagweg
Schmelzweg
Schmitthennerstraße
Schorre
Schulgartenstraße
Schulstraße
Schwanengasse
Schützenhausweg
Schützenklinge
Seedammweg
Siebenbürgenstraße
Silcherweg
Silvester-Herzog-Straße
Sohlstraße
Solbergallee
Sonnenhalde
Spechtweg
Sperberweg
Steige
Steinpfad
Stelzenrankweg
Stichentalweg
Stockackersiedlung
Stolzeneckstraße
Strümpfelbrunner Weg
Sudetenstraße
Sulzbacher Straße
Synagogenplatz
Syrmienstraße
Talstraße
Talweg
Tannenhof
Tannenweg
Tarunstraße
Theodor-Storm-Straße
Torhausstraße
Uferstraße
Uferweg
Uhlandstraße
Ulmenstraße
Untere Gasse
Untere Geisbergstraße
Untere Messenklinge
Untere Milbe
Unterer Hardbergweg
Unterer Weinbergweg
Unterm Hamberg
Unterm Haubenstein
Venusstraße
Vorderer Waldhauer
Wacholderweg
Waldhauerweg
Waldsteige
Waldstraße
Wanderbahn
Wannenberg
Wasemweg
Weg aufgegeben
Weißdornweg
Weißer Feldweg
Wiesenstraße
Wilhelm-Kapferer-Platz
Wilhelm-Schwarz-Straße
Ziegelsteige
Zum Stadion
Zum Wasserschloß
Zur Alten Mühle
Zwerrenbergweg
Zwingenburgstraße
Zwingerstraße
Zwingerweg
Ödenburger Straße
Ölgasse