"Neckarelz, Bahnhof"
Abernweg
Adalbert-Stifter-Weg
Alemannenweg
Alte Neckarelzer Straße
Alte Schulgasse
Alte Waldsteige
Alter Bahnhofweg
Am Badischen Hof
Am Bahnhof
Am Waldhauer
An der Elz
An der Farbmühle
An der Mühle
An der Planke
An der Posthalterei
Auweg
Bahnhofsplatz
Bahnhofstraße
Bismarckweg
Blockhütten-Weg
Blumenstraße
Buchenweg
Dauchsteinstraße
Dr. Hans Wey Brücke
Dr. Werner Vogl Weg
Dreistein-Weg
Ehrenbergstraße
Eichendorffstraße
Eichenweg
Erlenweg
Falltorstraße
Frankenweg
Freiherr-vom-Stein-Weg
Friedensstraße
Friedhofweg
Friedrich-Rückert-Straße
Fürst-Leiningen-Straße
Goethestraße
Grabenweg
Guttenbergstraße
Güterhallenweg
Hafenstraße
Hambergweg
Hans-Thoma-Weg
Hardhofweg
Hebelstraße
Heidelberger Straße
Heilbronner Straße
Hermann-Vischer-Straße
Herrenwiesenstraße
Hindenburgweg
Hinterer Waldhauerweg
Hohe Gasse
Hohenstaufenweg
Hohlweg
Holzweg
Hombergstraße
Hornbergstraße
Im Brühl
Im Burgstädtle
Im Weißen Feld
Im Äulein
In der Heinrichsburg
Industriestraße
Johannitergasse
Justinus-Kerner-Straße
Kaisergässlein
Kantstraße
Kasernenweg
Kastanienweg
Keltenweg
Konradusstraße
Landsehrstraße
Lessingweg
Lindengasse
Luttenbachtalstraße
M5
Marienstraße
Martin-Luther-Straße
Minneburgstraße
Moltkeweg
Mosbacher Straße
Mosbacher Weg - M3
Mozartweg
Mönchhofgasse
Münchgraben
Neckarallee
Neckarelzer Straße
Neuburgstraße
Ober der Mühle
Obere Geisbergstraße
Obere Messenklinge
Obere Milbe
Oberer Richtweg
Oststraße
Pattbergstraße
Paul-Gerhardt-Straße
Pfalzburgstraße
Pfalzgraf-Otto-Straße
Pfalzgrafenstraße
Rathausgasse
Rudolf-Diesel-Straße
Ruhestattstraße
Römerhofstraße
Saatschul-Weg
Schmitthennerstraße
Schützenklinge
Silvester-Herzog-Straße
Sonnenhalde
Stolzeneckstraße
Sudetenstraße
Talstraße
Tannenweg
Torhausstraße
Uferstraße
Uferweg
Uhlandstraße
Untere Gasse
Untere Messenklinge
Untere Milbe
Vorderer Waldhauer
Waldhauerweg
Waldsteige
Weißer Feldweg
Wiesenstraße
Zum Stadion
Zur Alten Mühle
Zwingenburgstraße
